"role_id";"model_type";"model_id"
3;"App\Models\User";10
3;"App\Models\User";23
6;"App\Models\User";13
7;"App\Models\User";14
11;"App\Models\User";10
11;"App\Models\User";23
13;"App\Models\User";10
13;"App\Models\User";23
14;"App\\Models\\User";10
14;"App\Models\User";10
14;"App\Models\User";23
18;"App\Models\User";42
19;"App\Models\User";42
18;"App\Models\User";41
5;"App\Models\User";43
18;"App\Models\User";43
7;"App\Models\User";1
11;"App\Models\User";1
13;"App\Models\User";1
14;"App\Models\User";1
16;"App\Models\User";1
